﻿Designator,Footprint,Quantity,Value,LCSC Part #
BATTERIE,Batterie,1,~,
BUTTON1,Button_connector,1,~,
"C1, C12, C13, C16, C2, C29, C32, C38, C40",0201,9,1uf ceramic,C15849
"C10, C11, C17, C18, C19, C20, C21, C22, C23, C24, C25, C26, C27, C28, C35, C36, C37, C7, C8, C9",0805,20,22uf ceramic,C45783
"C14, C15, C30, C33, C34, C39, C4, C41, C5, C6",0201,10,0.1uf ceramic,C14663
C3,0201,1,10uf ceramic,C96446
C31,0201,1,47nf ceramic,C1622
D1,D_SOD-123,1,D_Zener,C21570
D2,LED_0603,1,LED,
ESP1,ESP32,1,~,
ESP32C1,ESP breakouts,1,~,
L1,L_TDK_VLS6045EX_VLS6045AF,1,L 4.7uH,
MPU1,MPU6050,1,~,
"OLED1, OLED2",OLED,2,~,
PMOS1,SOIC-8_5.3x5.3mm_P1.27mm,1,~,
R1,0603,1,330o,C23410
"R3, R4",0603,2,"3,3ko",C22978
R5,0603,1,100ko,C25803
"STEPPER1, STEPPER2",Stepper,2,~,
"TMC1, TMC2",TMC2209,2,~,
U1,TSOT-23-6,1,AP63203WU,C780769
"U2, U3",Stepper extra connecter,2,~,
"U4, U5",4x Power,2,~,
"U6, U7, U8, U9",Test Pad,4,~,
