﻿Designator,Footprint,Quantity,Value,LCSC Part #
BATTERIE1,Batterie,1,~,
BUTTON1,Button_connector,1,~,
"C1, C12, C13, C16, C2, C29, C32, C38, C40",0805,9,1uf ceramic,C28323
"C10, C11, C17, C18, C19, C20, C21, C22, C23, C24, C25, C26, C27, C28, C35, C36, C37, C7, C8, C9",0805,20,22uf ceramic,C602037
"C14, C15, C30, C33, C34, C39, C4, C41, C5, C6",0805,10,0.1uf ceramic,C476766
C3,0805,1,10uf ceramic,C33546007
C31,0805,1,47nf ceramic,C1745
D1,D_SOD-123,1,D_Zener,C21570
D2,0805,1,LED,C19273154
ESP1,ESP32,1,~,
ESP32C1,ESP breakouts,1,~,
L1,L_Chilisin_BMRB00060624,1,L 4.7uH,C41415576
MPU1,MPU6050,1,~,
"OLED1, OLED2",OLED,2,~,
PMOS1,SOIC-8_5.3x5.3mm_P1.27mm,1,~,C146318
R1,0805,1,330o,C17630
"R3, R4",0805,2,"3,3ko",C2907250
R5,0805,1,100ko,C96346
"STEPPER1, STEPPER2",Stepper,2,~,
"TMC1, TMC2",TMC2209,2,~,
U1,TSOT-23-6,1,AP63203WU,C780769
"U2, U3",Stepper extra connecter,2,~,
"U4, U5",4x Power,2,~,
"U6, U7, U8, U9",Test Pad,4,~,
